"Model","Brand","Energy Factor (L/kWh)","Water Removal (litres/day)","Water Removal (pints/day)"
"DHG100","Canfresh","13.5","6.4","13.526"
"4PADP95","Perfect Aire","2.8","45","95"
"DDR095BDPWDB","Danby","2.8","45","95"
"FAD954DWDE","Frigidaire","2.5","45","95"
"FAD954DWDE","Frigidaire","2.5","45","95"
"3PAD95","Perfect Aire","2.5","44.9","94.891"
"FAD954DWD","Frigidaire","2.5","45","95"
"GDN100AM-A3EBA1B","Gree","2.5","45","95"
"FAD954DWD","Frigidaire","2.5","45","95"
"GDN100AM-A3EBA1C","Gree","2.5","45","95"
"BD2425-CN","Bionaire","2.39","16.31","34.47"
"DDR045BDC*","Danby","2.24","21.3","45"
"DDR045BD*","Danby","2.24","21.3","45"
"DDR045BB*","Danby","2.24","21.3","45"
"DDR045BBC*","Danby","2.24","21.3","45"
"DDR060BD*","Danby","2.23","28.4","60"
"DDR060BB*","Danby","2.23","28.4","60"
"BD2620-CN","Bionaire","2.2","15.46","32.68"
"DDR030BB*","Danby","2.17","14.2","30"
"DDR030BBC*","Danby","2.17","14.2","30"
"DDR030BDC*","Danby","2.17","14.2","30"
"DDR030BD*","Danby","2.17","14.2","30"
"DDR060BEC*","Danby","2.15","28.4","60"
"EDR050BAU*","Easy Home","2.15","23.7","50"
"DDR050BEC*","Danby","2.15","23.7","50"
"DDR070BEC*","Danby","2.15","33.1","70"
"DDR050BB*","Danby","2.14","23.7","50"
"DDR050BDC*","Danby","2.14","23.7","50"
"DDR050BD*","Danby","2.14","23.7","50"
"DDR070BB*","Danby","2.11","33.1","70"
"DDR070BBP*","Danby","2.11","33.1","70"
"DDR070BDP*","Danby","2.11","33.1","70"
"DDR070BDC*","Danby","2.11","33.1","70"
"DDR070BD*","Danby","2.11","33.1","70"
"DDR070BBC*","Danby","2.11","33.1","70"
"DDR070BBPBDB","Danby","2.11","33","70"
"DDR050EAWDB","Danby","2.03","23.7","50"
"DDR060EACWDB","Danby","2.02","28.4","60"
"DDR070EACWDB","Danby","2.02","33.1","70"
"DDR070EAWDB","Danby","2.02","33.1","70"
"DDR070EAPWDB","Danby","2.02","33.1","70"
"DDR030EAWDB","Danby","2.01","14.2","30"
"DDR030EACWDB","Danby","2.01","14.2","30"
"TDDP4511ES2C","Toshiba","2","21.3","45"
"TDDP3011ES2C","Toshiba","2","14.2","30"
"TDDP3011ES2","Toshiba","2","14.2","30"
"TDDP7011ES2","Toshiba","2","33","70"
"EAD70E1","Emerson","2","34.5","73"
"EAD70EP1","Emerson","2","34.5","73"
"EAD50E1","Emerson","2","23.7","50"
"EAD30E1","Emerson","2","14.2","30"
"HEN70ETF1","Haier","2","33.1","70"
"HEH50ET","Haier","2","23.5","50"
"HEH50ET-T","Haier","2","23.7","50.087"
"HEN30ET-T","Haier","2","14.2","30.01"
"HEN70ET-L","Haier","2","33","69.741"
"HEH45ET-L","Haier","2","21.3","45.015"
"HEN30ET-L","Haier","2","14.2","30.01"
"HEN70ETFP","Haier","2","33","69.741"
"HEN70ETF","Haier","2","33","69.741"
"HEH50ET","Haier","2","23.7","50.087"
"HEN30ET","Haier","2","14.2","30.01"
"HEN30ET-T","Haier","2","14.2","30.01"
"HEN30ET-L","Haier","2","14.2","30.01"
"HEN30ET","Haier","2","14.2","30.01"
"HEN70ET-L","Haier","2","33.1","69.953"
"HEN70ETF","Haier","2","33.1","69.953"
"HEN70ETFP-E","Haier","2","33.1","69.953"
"HEN70ETFP","Haier","2","33.1","69.953"
"FFAD3033R1AE","Frigidaire","2","14","30"
"FGAC7044U1E","Frigidaire","2","33.1","70"
"FGAC7044U1","Frigidaire","2","33.1","70"
"FFAP7033T1E","Frigidaire","2","33","70"
"FFAP7033T1","Frigidaire","2","33","70"
"FFAD70W3S1A","Frigidaire","2","33","70"
"FFAD50W3S1A","Frigidaire","2","23.5","50"
"FFAD30W3S1A","Frigidaire","2","14","30"
"FFAD7033R1E","Frigidaire","2","33","70"
"FFAD7033R1A","Frigidaire","2","33","70"
"FFAD5033R1E","Frigidaire","2","23.5","50"
"FFAD5033R1A","Frigidaire","2","23.5","50"
"FFAD3033R1E","Frigidaire","2","14","30"
"FFAD3033R1A","Frigidaire","2","14","30"
"CAD704DWLA","Frigidaire","2","33.1","69.953"
"CAD704DWDA","Frigidaire","2","33.1","69.953"
"CAD504DWLA","Frigidaire","2","23.7","50.087"
"CAD504DWDA","Frigidaire","2","23.7","50.087"
"CAD304NWLA","Frigidaire","2","14.2","30.01"
"CAD301NWDA","Frigidaire","2","14.2","30.01"
"CAD504DWLA","Frigidaire","2","23.7","50.087"
"CAD504DWDA","Frigidaire","2","23.7","50.087"
"CAD304NWL","Frigidaire","2","14.2","30.01"
"CAD304NWLA","Frigidaire","2","14.2","30.01"
"CAD301NWDA","Frigidaire","2","14.2","30.01"
"FFAP7033T1","Frigidaire","2","33","70"
"FFAD7000T1","Frigidaire","2","33.1","69.953"
"FFAD5000T1","Frigidaire","2","23.7","50.087"
"FFAD3000T1","Frigidaire","2","14.2","30.01"
"FFAD70W3S1A","Frigidaire","2","33","70"
"FFAD50W3S1A","Frigidaire","2","23.5","50"
"FFAD30W3S1A","Frigidaire","2","14","30"
"FFAD7033R1A","Frigidaire","2","33","70"
"FFAD5033R1A","Frigidaire","2","23.5","50"
"FFAD3033R1A","Frigidaire","2","14","30"
"CAD704DWL","Frigidaire","2","33.1","69.953"
"CAD704DWDA","Frigidaire","2","33.1","69.953"
"CAD704DWLA","Frigidaire","2","33.1","69.953"
"CAD504DWL","Frigidaire","2","23.7","50.087"
"FFAD7033R1","Frigidaire","2","33","70"
"FFAD5033R1","Frigidaire","2","23.5","50"
"FFAD3033R1","Frigidaire","2","14","30"
"FFAD7033R1","Frigidaire","2","33","70"
"FFAD5033R1","Frigidaire","2","23.5","50"
"FFAD3033R1","Frigidaire","2","14","30"
"CAD704DWD","Frigidaire","2","33.1","69.953"
"CAD504DWD","Frigidaire","2","23.7","50.087"
"CAD301NWD","Frigidaire","2","14.2","30.01"
"CAD704DWL","Frigidaire","2","33.1","69.953"
"CAD704DWD","Frigidaire","2","33.1","69.953"
"CAD504DWL","Frigidaire","2","23.7","50.087"
"CAD504DWD","Frigidaire","2","23.7","50.087"
"CAD304NWL","Frigidaire","2","14.2","30.01"
"CAD301NWD","Frigidaire","2","14.2","30.01"
"WHAD703AW","Whirlpool","2","34.5","73"
"WHAD703PAW","Whirlpool","2","34.5","73"
"WHAD503AW","Whirlpool","2","23.7","50"
"WHAD303AW","Whirlpool","2","14.2","30"
"TDDP7011ES2C","Toshiba","2","33","70"
"TDDP7011ES2P","Toshiba","2","33","70"
"TDDP5011ES2","Toshiba","2","23.7","50"
"1PEDP50","Perfect Aire","2","23.7","50.087"
"1PED70","Perfect Aire","2","33.1","69.953"
"1PEDP70","Perfect Aire","2","33.1","69.953"
"HDK070V2","Honeywell","2","33.1","69.953"
"HDK040V2","Honeywell","2","18.9","39.943"
"HDK030V2","Honeywell","2","14.2","30.01"
"MDCK-45AEN1-BB0","Arctic King","2","21.3","45.015"
"RDH60EAW","Aeonair","2","28","59.175"
"NS-DH50WH9-C","Insignia","2","23.7","50"
"NS-DH50WH9","Insignia","2","23.7","50"
"NS-DH70WH9","Insignia","2","33","70"
"NS-DH30WH9-C","Insignia","2","14.2","30"
"NS-DH70WH9-C","Insignia","2","33.1","70"
"M70DK","Comfee","2","33.1","69.953"
"M50DK","Comfee","2","23.7","50.087"
"M30DK","Comfee","2","14.2","30.01"
"WCDK60B0","Comfee","2","28.4","60.02"
"WCDK45B0","Comfee","2","21.3","45.015"
"WCDK30B0","Comfee","2","14.2","30.01"
"MDCK-70AEN1-BB0","Coolworks","2","33.1","70"
"MDCK-45AEN1-BB0","Coolworks","2","21.3","45"
"MDCK-30AEN1-BB0","Coolworks","2","14.2","30"
"ECH1070N","Ecohouzng","2","33.1","70"
"ECH1170L","Ecohouzng","2","33","70"
"ECH1070","Ecohouzng","2","33.1","70"
"ECH1050","Ecohouzng","2","23.7","50"
"ECH1030","Ecohouzng","2","14.2","30"
"GDN70BA-A3EBA2D","Nordik","2","34","72"
"GDN50BA-A3EBA2B","Nordik","2","23.5","50"
"MDCDP-60AEN1-BB0N","Nordik","2","28","60"
"MDCDP-45AEN1-BB0N","Nordik","2","21","45"
"MDCDP-30AEN1-BB0N","Nordik","2","14","30"
"MDCK-30AEN1-BB0N","Nordik","2","14","30"
"E*D70EP1","Emerson Quiet Kool","2","34.5","73"
"E*D70E1","Emerson Quiet Kool","2","34.5","73"
"E*D50E1","Emerson Quiet Kool","2","23.7","50"
"E*D30E1","Emerson Quiet Kool","2","14.2","30"
"HDH-70KP801","Hunter","2","33.1","70"
"HDH-70K800","Hunter","2","33.1","70"
"HDH-50K900","Hunter","2","23.7","50"
"HDH-30K900","Hunter","2","14.2","30"
"IVAESDH50P","Ivation","2","23.7","50"
"IVAESDH30P","Ivation","2","14.2","30"
"MDCDP-70AEN1-BB0","Polar Wind","2","33.1","70"
"MDCDP-45AEN1-BB0","Polar Wind","2","21.3","45"
"CED701B","Coast Air","2","33.1","70"
"CED501B","Coast Air","2","23.7","50"
"CED301B","Coast Air","2","14.2","30"
"RDH-370P","Royal Sovereign","2","34.5","73"
"RDH-370","Royal Sovereign","2","34.5","73"
"RDH-330","Royal Sovereign","2","14.2","30"
"YDQ-40P","Uberhaus","2","20.1","42.479"
"D50BPA","Friedrich","2","23.7","50"
"D70BPA","Friedrich","2","33.1","70"
"FFAP7033T1E","Frigidaire","2","33","70"
"FFAD7033R1E","Frigidaire","2","33","70"
"FFAD5033R1E","Frigidaire","2","23.5","50"
"FFAD3033R1E","Frigidaire","2","14","30"
"FFAP7033T1AE","Frigidaire","2","33","70"
"FFAD7033R1AE","Frigidaire","2","33","70"
"FFAD5033R1AE","Frigidaire","2","23.5","50"
"G17-70ESDEHC","Gree","2","34","72"
"G17-30ESDEHC","Gree","2","14","30"
"GDN30AZ-A3EBA1B","Gree","2","14","30"
"GDN50AS-A3EBA1C","Gree","2","23.5","50"
"GDN70BA-A3EBA1B","Gree","2","34","72"
"GDN70AP-A3EBA1E","Gree","2","33","70"
"GDN70AP-A3EBA1F","Gree","2","33","70"
"GDN50AP-A3EBA1F","Gree","2","23.5","50"
"GDN30AQ-A3EBA1F","Gree","2","14","30"
"WCDDP50B0Q","Midea","2","23.7","50"
"WCDDP60B0","Midea","2","28.4","60"
"WCDDP45B0","Midea","2","21.3","45"
"WCDDP30B0","Midea","2","14.2","30"
"043-0937-0","Noma","2","16.6","35"
"043-5796-4","Noma","2","33.1","69.953"
"043-5795-6","Noma","2","33.1","69.953"
"043-5798-0","Noma","2","28.4","60.02"
"043-5794-8","Noma","2","23.6","49.876"
"043-5793-0","Noma","2","16.5","34.871"
"043-5792-2","Noma","2","13.2","27.897"
"043-5796-4","Noma","2","33.12","69.995"
"043-5795-6","Noma","2","33.12","69.995"
"043-5798-0","Noma","2","28.39","59.999"
"043-5794-8","Noma","2","23.66","50.002"
"043-5793-0","Noma","2","16.56","34.998"
"043-5792-2","Noma","2","13.25","28.002"
"DETP70EP","TCL","2","33.1","70"
"DETP70E","TCL","2","33.1","70"
"DETP50E","TCL","2","24","50"
"DETP30E","TCL","2","14.4","30"
"TDW70EPB19","TCL","2","33.1","70"
"TDW70EB19","TCL","2","33.1","70"
"TDW50E19","TCL","2","23.7","50"
"TDW30E19","TCL","2","14.2","30"
"DER50E","TCL","2","24","50"
"DET50E","TCL","2","24","50"
"TDE-70EA1/DEG(ES)","TCL","2","34.5","73"
"TDE-70EPA1/DEG(ES)","TCL","2","34.5","73"
"TDE-50EA1/DEG(ES)","TCL","2","23.7","50"
"TDE-30EA1/DEG(ES)","TCL","2","14.2","30"
"DEG70E","TCL","2","34.5","73"
"DEG70EP","TCL","2","34.5","73"
"DEG50E","TCL","2","23.7","50"
"DEG30E","TCL","2","14.2","30"
"DEA70E","TCL","2","34.5","73"
"DEA70EP","TCL","2","34.5","73"
"DEA50E","TCL","2","23.7","50"
"DEA30E","TCL","2","14.2","30"
"DET70PE","TCL","2","33.1","70"
"DET70PEP","TCL","2","33.1","70"
"DET50PE","TCL","2","23.7","50"
"DET30PE","TCL","2","14.2","30"
"TDN70BA-A3EBA2C","Tosot","2","34","72"
"TDN50BA-A3EBA2B","Tosot","2","23.5","50"
"4PAD45","Perfect Aire","2","21.3","45"
"4PAD70","Perfect Aire","2","33.1","70"
"4PAD50","Perfect Aire","2","23.7","50"
"4PAD30","Perfect Aire","2","14.2","30"
"1PED30","Perfect Aire","2","14.2","30"
"1PED50S","Perfect Aire","2","23.7","50"
"1PED50","Perfect Aire","2","23.7","50.087"
"DH5019K1G","Hisense","2","23.7","50"
"DH3019K1W","Hisense","2","14.2","30"
"DH-70KW1SFRE10","Hisense","2","33.1","70"
"DH-70KP1SFRE10","Hisense","2","33.1","70"
"DH-70K1SFRE10","Hisense","2","33.1","70"
"DH-70KW1SFQE10","Hisense","2","33.1","70"
"DH-70K1SFQE10","Hisense","2","33.1","70"
"DH-70KP1SFQE10","Hisense","2","33.1","70"
"DH-35K1SHTE00","Hisense","2","16.6","35"
"DH-35K1SHSE00","Hisense","2","16.6","35"
"DH-30K1SHTE00","Hisense","2","14.2","30"
"DH-30K1SHSE00","Hisense","2","14.2","30"
"DH-50K1SGVE00","Hisense","2","23.7","50"
"DH-50K1SGPE00","Hisense","2","23.7","50"
"DH-70K1SFRE00","Hisense","2","33.1","70"
"DH-50K1SFRE00","Hisense","2","23.7","50"
"DH-50KP1SFQE00","Hisense","2","23.6","49.876"
"DH-35K1SGPE00","Hisense","2","16.5","34.871"
"DH-28K1SGPE00","Hisense","2","13.2","27.897"
"DH-60K1SFRE00","Hisense","2","28.4","60"
"DH-70KP1SFRE00","Hisense","2","33.1","70"
"DH-70KP1SFRE00","Hisense","2","33.12","69.995"
"DH-70K1SFRE00","Hisense","2","33.12","69.995"
"DH-60K1SFRE00","Hisense","2","28.39","59.999"
"DH-50KP1SFRE00","Hisense","2","23.66","50.002"
"DH-50KD1SFRE00","Hisense","2","23.66","50.002"
"DH-50K1SFRE00","Hisense","2","23.66","50.002"
"DH-35K1SGPE00","Hisense","2","16.56","34.998"
"DH-28K1SGPE00","Hisense","2","13.25","28.002"
"GDN60AN-A3EBD1I","Gree","2","28","60"
"GDN70BA-A3EBA1A","Gree","2","34","72"
"GDN50BA-A3EBA1A","Gree","2","23.5","50"
"GDN50AP-A3EBA1E","Gree","2","23.5","50"
"GDN30AQ-A3EBA1E","Gree","2","14","30"
"GDN70AP-A3EBA1J","Gree","2","33","70"
"GDN70AP-A3EBA1I","Gree","2","33","70"
"GDN50AP-A3EBA1I","Gree","2","23.5","50"
"GDN30AQ-A3EBA1I","Gree","2","14","30"
"GDN70BA-A3EBA1D","Gree","2","34","72"
"GDN70BA-A3EBA1C","Gree","2","34","72"
"GDN50BA-A3EBA1B","Gree","2","23.5","50"
"GDN70AS-A3EBA1E","Gree","2","33","70"
"GDN50AS-A3EBA1D","Gree","2","23.5","50"
"GDN60AN-A3EBD1J","Gree","2","28","60"
"GDN30AZ-A3EBA2C","Gree","2","14","30"
"GDN70BA-A3EBA2D","Gree","2","34","72"
"GDN70BA-A3EBA2C","Gree","2","34","72"
"GDN50BA-A3EBA2B","Gree","2","23.5","50"
"GDN70AS-A3EBA1F","Gree","2","33","70"
"GDN70AP-A3EBA1H","Gree","2","33","70"
"GDN50AP-A3EBA1H","Gree","2","23.5","50"
"GDN30AQ-A3EBA1H","Gree","2","14","30"
"GDN70AP-A3EBA1G","Gree","2","33","70"
"GDN70AS-A3EBA1D","Gree","2","33","70"
"GDN70AS-A3EBA1C","Gree","2","33","70"
"G17-70ESDEHP","Gree","2","33","70"
"G17-50ESDEHP","Gree","2","23.5","50"
"G17-30ESDEHP","Gree","2","14","30"
"GDN70BA-A3EBA2B","Gree","2","34","72"
"GDN70BA-A3EBA2A","Gree","2","34","72"
"GDN50BA-A3EBA2A","Gree","2","23.5","50"
"GDN30AZ-A3EBA2B","Gree","2","14","30"
"DDR060BFC*","Danby","2","28.4","60"
"DDR45B3*","Danby","2","21","45"
"DDR30B3*","Danby","2","14","30"
"DDR70B1*","Danby","2","33","70"
"DDR50B1*","Danby","2","24","50"
"DDR30B1*","Danby","2","14","30"
"DDR030BECWDB","Danby","2","14","30"
"DDR030BHWDB","Danby","2","14","29.587"
"DDR050BHWDB","Danby","2","24","50.721"
"DDR050BGWDB","Danby","2","24","50.721"
"DDR030BEHWDB","Danby","2","14","29.587"
"UD701KOJ4","LG","2","33","70"
"UD701KOG3","LG","2","33","69.741"
"UD551GKG3","LG","2","26","55"
"MDCDP-70AEN1-BB0","Classic","2","33.1","69.953"
"MDCDP-45AEN1-BB0","Classic","2","21.3","45.015"
"MDCDP-30AEN1-BB0","Classic","2","14.2","30.01"
"RDH505-B","RCA","2","23.7","50"
"DDX170PE","DeLonghi","2","33.1","70"
"DDX150PE","DeLonghi","2","23.7","50"
"DDX145PE","DeLonghi","2","21.3","45"
"DDX145E","DeLonghi","2","21.3","45"
"DDX50PE","DeLonghi","2","23.7","50"
"DDX45PE","DeLonghi","2","21.3","45"
"DDX45E","DeLonghi","2","21.3","45"
"DDX70PE","DeLonghi","2","33.1","70"
"DH-60K1SFRE10","Hisense","2","28.4","60"
"DH-50K1SFRE10","Hisense","2","23.7","50"
"DH-60K1SFQE10","Hisense","2","28.4","60"
"DH-50K1SFQE10","Hisense","2","23.7","50"
"DH7019W1WG","Hisense","2","33.1","70"
"DH7019KP1WG","Hisense","2","33.1","70"
"DH7019K1G","Hisense","2","33.1","70"
"YDP-50P","Uberhaus","1.97","26.4","55.793"
"GLD45YP","Airworks","1.93","21","44.381"
"GLD70LEP","Airworks","1.93","33","69.741"
"25035","Kenmore","1.93","33","69.741"
"GLD65YP","Airworks","1.87","28.4","60.02"
"YDP-60P","Uberhaus","1.87","29.4","62.133"
"YDQ-30P","Uberhaus","1.86","14.3","30.221"
"HE70E","Haier","1.85","33","69.741"
"DE45EM-TC","Haier","1.85","21.3","45.015"
"HM70EP","Haier","1.85","33","69.741"
"HM50EP","Haier","1.85","23.7","50.087"
"DE65EM-L","Haier","1.85","30.8","65.092"
"DE65EM","Haier","1.85","30.8","65.092"
"DE45EM-T","Haier","1.85","21.3","45.015"
"DE45EM-L","Haier","1.85","21.3","45.015"
"DE45EM","Haier","1.85","21.3","45.015"
"CDF70EHR1","Crosley","1.85","33","70"
"CDF50EHR1","Crosley","1.85","23.5","50"
"CDF30EHR1","Crosley","1.85","14","30"
"DDR70B4P*","Danby","1.85","33.1","69.953"
"DDR70B4*","Danby","1.85","33.1","69.953"
"DDR60B4*","Danby","1.85","28.4","60.02"
"DDR50B4*","Danby","1.85","23.7","50.087"
"DDR45B4*","Danby","1.85","21.3","45.015"
"DDR30B6*","Danby","1.85","14.2","30.01"
"DDR30B4*","Danby","1.85","14.2","30.01"
"DDR30B2**","Danby","1.85","14","29.587"
"MDCDP-70AEN1-BA9","Classic","1.85","33.1","69.953"
"MDCDP-45AEN1-BA9","Classic","1.85","21.3","45.015"
"MDCDP-30AEN1-BA9","Classic","1.85","14.2","30.01"
"043-6120-6","Garrison","1.85","28","60"
"ADR70B6*","Arctic Aire","1.85","33.1","69.953"
"ADR50B6*","Arctic Aire","1.85","23.7","50.087"
"ADR30B6*","Arctic Aire","1.85","14.2","30.01"
"ADR70B1*","Arctic Aire","1.85","33","69.741"
"ADR50B1*","Arctic Aire","1.85","24","50.721"
"ADR30B1*","Arctic Aire","1.85","14","29.587"
"GDN50AN-A3EBD1A","Gree","1.85","23.5","50"
"GDN50AF-A3EBA7D","Gree","1.85","23.5","50"
"GDN70AN-A3EBD1A","Gree","1.85","33","70"
"G16-70ESDEHG-IP","Gree","1.85","33","70"
"GDN70AN-A3EBD1G","Gree","1.85","33","70"
"GDN70AS-A3EBA1B","Gree","1.85","33","70"
"G16-50ESDEHG","Gree","1.85","23.5","50"
"GDN50AS-A3EBA1A","Gree","1.85","23.5","50"
"GDN70AF-A3EBA7I","Gree","1.85","33","70"
"GDN50AF-A3EBA8G","Gree","1.85","23.5","50"
"GDN30AE-A3EBA8G","Gree","1.85","14","30"
"GDN70AP-A3EBA1B","Gree","1.85","33","70"
"GDN50AP-A3EBA1A","Gree","1.85","23.5","50"
"GDN45AQ-A3EBA1A","Gree","1.85","21.5","45"
"GDN30AQ-A3EBA1A","Gree","1.85","14","30"
"GDN60AN-A3EBD1G","Gree","1.85","28","60"
"GDN70AF-A3EBA7D","Gree","1.85","33.5","70"
"GDN70AF-A3EBA8D","Gree","1.85","33.5","70"
"GDN50AF-A3EBA8D","Gree","1.85","23.5","50"
"MDNK-70AEN1-BA9","Midea","1.85","33.1","69.953"
"MDNK-50AEN1-BA9","Midea","1.85","23.6","49.876"
"MDNK-30AEN1-BA9","Midea","1.85","14.2","30.01"
"MDNK-60AEN1-BA9","Midea","1.85","28.3","59.809"
"MDNK-45AEN1-BA9","Midea","1.85","21.3","45.015"
"DDR70B3WP","Danby Premiere","1.85","33","69.741"
"DDR60B3WP","Danby Premiere","1.85","28","59.175"
"DDR50B3WP","Danby Premiere","1.85","24","50.721"
"DDR45B3WP","Danby Premiere","1.85","21","44.381"
"DDR30B3WP","Danby Premiere","1.85","14","29.587"
"DDR70B1*","Danby Premiere","1.85","33.1","69.953"
"DDR45B1*","Danby Premiere","1.85","21.3","45.015"
"DDR30B1*","Danby Premiere","1.85","14.2","30.01"
"DDR70B3P*","Danby Premiere","1.85","33.1","69.953"
"DDR70B3*","Danby Premiere","1.85","33.1","69.953"
"DDR60B3*","Danby Premiere","1.85","28.4","60.02"
"DDR50B3*","Danby Premiere","1.85","23.7","50.087"
"DDR45B3*","Danby Premiere","1.85","21.3","45.015"
"DDR30B3*","Danby Premiere","1.85","14.2","30.01"
"MDNK-40AEN1-BA9","Koolking","1.85","18.9","39.943"
"MDK6-60AEN1-BA9","Koolking","1.85","28.3","59.809"
"MDK6-45AEN1-BA9","Koolking","1.85","21.2","44.804"
"MDK6-30AEN1-BA9","Koolking","1.85","14.2","30.01"
"3PMP70","Perfect Aire","1.85","33.1","69.953"
"3PMP50","Perfect Aire","1.85","23.7","50.087"
"3PAD70","Perfect Aire","1.85","33.1","69.953"
"3PAD50","Perfect Aire","1.85","23.7","50.087"
"3PAD30","Perfect Aire","1.85","14.2","30.01"
"DH70DPW","Honeywell","1.85","33.1","69.953"
"DH70PW","Honeywell","1.85","33.1","69.953"
"DH70DW","Honeywell","1.85","33.1","69.953"
"DH70W","Honeywell","1.85","33.1","69.953"
"DH50DPW","Honeywell","1.85","23.7","50.087"
"DH50PW","Honeywell","1.85","23.7","50.087"
"DH50DW","Honeywell","1.85","23.7","50.087"
"DH50W","Honeywell","1.85","23.7","50.087"
"DH45DW","Honeywell","1.85","21.7","45.86"
"DH45W","Honeywell","1.85","21.7","45.86"
"MDNK-45AEN1-BA9","Arctic King","1.85","21.3","45.015"
"RDH30EB","Aeonair","1.85","14.2","30.01"
"WDH-945EL","Aeonair","1.85","21.3","45.015"
"RDH30EB-1","Aeonair","1.85","14","29.587"
"RDH70EDP","Aeonair","1.85","33","69.741"
"RDH70EB-1","Aeonair","1.85","33","69.741"
"RDH45EB-1","Aeonair","1.85","21.5","45.438"
"WDH-945EL-1","Aeonair","1.85","21.5","45.438"
"RDH60EB","Aeonair","1.85","29.3","61.922"
"RDH70EB","Aeonair","1.85","33.1","69.953"
"RDH45EB","Aeonair","1.85","21.3","45.015"
"0526051","Idylis","1.85","33","69.741"
"0526011","Idylis","1.85","33","69.741"
"MDR45B1*","Mainstays","1.85","21","44.381"
"MDR30B1*","Mainstays","1.85","14","29.587"
"RDH705","Yonan","1.85","33.1","69.953"
"D-MDNK-60AEN1-BA9","Comfee","1.85","28.4","60.02"
"D-MDNK-45AEN1-BA9","Comfee","1.85","21.3","45.015"
"D-MDNK-30AEN1-BA9","Comfee","1.85","14.2","30.01"
"MDNK-60AEN1-BA9","Comfee","1.85","28.4","60.02"
"MDNK-45AEN1-BA9","Comfee","1.85","21.3","45.015"
"MDNK-30AEN1-BA9","Comfee","1.85","14.2","30.01"
"MDK-70AEN1-BA9","Coolworks","1.85","33.1","69.953"
"MDK-45AEN1-BA9","Coolworks","1.85","21","44.381"
"MDK-30AEN1-BA9","Coolworks","1.85","14.2","30.01"
"RDH-170K","Royal Sovereign","1.85","33.1","69.953"
"RDH-130K","Royal Sovereign","1.85","14.2","30.01"
"D70BP-A","Friedrich","1.85","33.1","69.953"
"D50BP-A","Friedrich","1.85","23.7","50.087"
"861.10091","Kenmore","1.85","18.9","39.943"
"861.10092","Kenmore","1.85","33.1","69.953"
"HE30E-T","Haier","1.85","14.2","30.01"
"HE30ER-L","Haier","1.85","14.2","30.01"
"HE30E","Haier","1.85","14.2","30.01"
"HE70ER-L","Haier","1.85","33.1","69.953"
"HE70E","Haier","1.85","33.1","69.953"
"HE30E-T","Haier","1.85","14.2","30.01"
"HE30ER-L","Haier","1.85","14.2","30.01"
"HE30E","Haier","1.85","14.2","30.01"
"HE70ER-L","Haier","1.85","33","69.741"
"GDN70AI-A3EBB2A","Gree","1.8","33","70"
"DEX16F","DeLonghi","1.7","7.92","16.7"
"GDN50AI-A3EBB2A","Gree","1.6","23.5","50"
"HM30","Haier","1.4","14.2","30.01"
"GDN30AZ-A3EBA1A","Gree","1.4","14","30"
"GDN30AH-A3EBB2A","Gree","1.4","14","30"
"GDN30AZ-A3EBA1C","Gree","1.4","14","30"
"BD20W-CN","Bionaire","1.38","11.79","24.91"
"DM32M-T","Haier","1.35","15","31.701"
"DM32M-TC","Haier","1.35","15","31.701"
"3PAD11","Perfect Aire","1.35","5.2","10.99"
"DM32M-L","Haier","1.35","15","31.701"
"DM32M","Haier","1.35","15","31.701"
